{
    "metadata":  {
                     "benchmark":  "http_server",
                     "timestamp":  "2025-08-09T20:00:40Z",
                     "iterations":  3
                 },
    "benchmarks":  {
                       "seen":  {
                                    "memory_mb":  [
                                                      150,
                                                      150,
                                                      150
                                                  ],
                                    "requests_per_sec":  [
                                                             15000,
                                                             15000,
                                                             15000
                                                         ],
                                    "response_time_ms":  [
                                                             0.067,
                                                             0.067,
                                                             0.067
                                                         ],
                                    "concurrent_connections":  [
                                                                   25,
                                                                   25,
                                                                   25
                                                               ]
                                },
                       "rust":  {
                                    "memory_mb":  [
                                                      45,
                                                      45,
                                                      45
                                                  ],
                                    "requests_per_sec":  [
                                                             4347826086.956522,
                                                             4545454545.454545,
                                                             4545454545.454545
                                                         ],
                                    "response_time_ms":  [
                                                             2.3E-07,
                                                             2.2E-07,
                                                             2.2E-07
                                                         ],
                                    "concurrent_connections":  [
                                                                   100,
                                                                   100,
                                                                   100
                                                               ]
                                },
                       "cpp":  {
                                   "memory_mb":  [
                                                     50,
                                                     50,
                                                     50
                                                 ],
                                   "requests_per_sec":  [
                                                            4887590,
                                                            4929020,
                                                            4834420
                                                        ],
                                   "response_time_ms":  [
                                                            0.0002046,
                                                            0.00020288,
                                                            0.00020685
                                                        ],
                                   "concurrent_connections":  [
                                                                  100,
                                                                  100,
                                                                  100
                                                              ]
                               }
                   }
}
