{
    "benchmarks":  {
                       "seen":  {
                                    "results":  {
                                                    "overhead_percent":  5.2631578947368505
                                                },
                                    "max_time":  0.010026199999999999,
                                    "times":  [
                                                  0.010026199999999999,
                                                  0.006068,
                                                  0.0053549,
                                                  0.0055395,
                                                  0.0057313,
                                                  0.0055353999999999993,
                                                  0.005386,
                                                  0.0052565,
                                                  0.0054478999999999994,
                                                  0.005501,
                                                  0.0054226,
                                                  0.0066857999999999996,
                                                  0.0058648,
                                                  0.0054418999999999995,
                                                  0.0052356,
                                                  0.0054735999999999995,
                                                  0.0056874,
                                                  0.0055747,
                                                  0.0058328999999999994,
                                                  0.0055360999999999995,
                                                  0.0055974,
                                                  0.0056425999999999994,
                                                  0.0054553,
                                                  0.0054643999999999995,
                                                  0.0061188,
                                                  0.0059016999999999993,
                                                  0.0057242,
                                                  0.0054106,
                                                  0.0055950999999999996,
                                                  0.005319
                                              ],
                                    "average_time":  0.00576104,
                                    "min_time":  0.0052356,
                                    "zero_cost":  false,
                                    "timestamp":  "2025-08-09T11:08:30Z",
                                    "ops_per_second":  173580,
                                    "benchmark":  "reactive",
                                    "language":  "seen",
                                    "std_dev":  0.00084393220328017669,
                                    "iterations":  30
                                },
                       "rust":  {
                                    "results":  {
                                                    "imperative":  0.0000152,
                                                    "simple_reactive":  0.0000039,
                                                    "complex_composition":  0.0000054,
                                                    "backpressure":  0.0000014,
                                                    "overhead_percent":  -74.3421052631579
                                                },
                                    "iterations":  10,
                                    "benchmark":  "reactive_zero_cost",
                                    "language":  "rust",
                                    "zero_cost":  false,
                                    "average_time":  1.52E-05,
                                    "metadata":  {
                                                     "original_overhead_percent":  -74.3421052631579,
                                                     "engine":  "reactive",
                                                     "implementation":  "actual"
                                                 },
                                    "times":  [
                                                  1.5352E-05,
                                                  1.5808000000000002E-05,
                                                  1.4896E-05,
                                                  1.4896E-05,
                                                  1.4744E-05,
                                                  1.52E-05,
                                                  1.4896E-05,
                                                  1.4744E-05,
                                                  1.4896E-05,
                                                  1.4744E-05
                                              ]
                                },
                       "cpp":  {
                                   "results":  {
                                                   "imperative":  6.9E-06,
                                                   "simple_reactive":  4.99E-05,
                                                   "complex_composition":  0.000123,
                                                   "backpressure":  3.15E-05,
                                                   "overhead_percent":  623.188
                                               },
                                   "iterations":  10,
                                   "benchmark":  "reactive_zero_cost",
                                   "language":  "cpp",
                                   "zero_cost":  false,
                                   "average_time":  6.9E-06,
                                   "metadata":  {
                                                    "original_overhead_percent":  623.188,
                                                    "engine":  "reactive",
                                                    "implementation":  "actual"
                                                },
                                   "times":  [
                                                 6.831E-06,
                                                 6.762E-06,
                                                 6.624E-06,
                                                 6.762E-06,
                                                 6.693E-06,
                                                 6.693E-06,
                                                 7.107E-06,
                                                 7.038E-06,
                                                 6.762E-06,
                                                 6.831E-06
                                             ]
                               }
                   },
    "validation":  {
                       "overhead_threshold":  5,
                       "claim_validated":  false,
                       "results":  {
                                       "total_tests":  3,
                                       "failed":  3,
                                       "passed":  0
                                   }
                   },
    "metadata":  {
                     "benchmark":  "reactive_zero_cost",
                     "timestamp":  "2025-08-09T11:08:29Z",
                     "claim":  "Zero-cost reactive abstractions",
                     "data_size":  1000,
                     "iterations":  10
                 }
}
